"11 Days","[Cold Blue] & [Del Mar]","[Sebastian Brandt] Rework"
"113","DJ Ange","[Noctiva]'s Lifted Remix"
"43","ilan Bluestone","Original Mix"
"4Ever","[Alex M.O.R.P.H.] feat. [Natalie Gioia]","Dub Mix"
"4Ever","[Alex M.O.R.P.H.] feat. [Natalie Gioia]","Original Mix"
"5th Dimension","[Masters & Nickson] & [Justine Suissa]","Original Mix"
"7 Cities","Solarstone","[Armin van Buuren] Remix"
"7Skies","Kyau & Albert","Original Mix"
"A Light Inside","[Roman Messer] & [Sarah Shields]","[ReOrder] Dub Remix"
"A Million Pieces","[Jochen Miller] feat. [Hansen Tomas]","Original Mix"
"A Moment of Melancholy","[Factor B] & [Highlandr]","[Cold Blue] Remix"
"A Promise I Can't Keep","Susana","Original Mix"
"A World of Trance","Group Number One","Original Mix"
"Able to Forget","Alex Stealthy","Original Mix"
"About You","[Moonbeam] feat. [Avis Vox]","Original Mix"
"Addicted","Signum","Original Mix"
"Adelphi '88","Tritonal","Original Mix"
"Adrenaline","Bryan Kearney","[James Dymond] Remix"
"Adventure","[Far Out] feat. [ALLY THORN]","Original Mix"
"Adventures Of...","Terra Ferrma","[Scott Bond & Charlie Walker] ROBOOTED Remix"
"Aedena","Matti Kotala","[Octagen] Remix"
"Aerials","[Sarah de Warren] & [Shadow Cliq]","Original Mix"
"Aerys","Heatbeat","[Mark Sherry] Remix"
"After All These Years","Doppenberg","Original Mix"
"After the Rain","[The Thrillseekers] & [Hydra]","Club Mix"
"Air","AA Meeting","Original Mix"
"Air For Life","[Above & Beyond] vs. [Andy Moor]","Original Mix"
"Air For Life","[Above & Beyond] vs. [Andy Moor]","[Mirco De Govia] Remix"
"Airwave","Rank 1","Original Mix"
"Alana","James Dymond","Original Mix"
"Alchemy","[Above & Beyond] feat. [Zoe Johnston]","[Above & Beyond] Club Mix"
"Aldo","Norin & Rad","Original Mix"
"Alibi","Farius","[Farius] Lost in 137 Mix"
"Alive","[Dabin] feat. [RUNN]","[Trivecta] Remix"
"All For You","Sophie Sugar","Original Mix"
"All Gone","[Andy Moor] & [RAM] feat. [Christina Novelli]","[RAM] Uplifting Mix"
"All I Got","[Said the Sky] & [Kwesi]","Original Mix"
"All I'd Ever Need","[STAR SEED] & [Meggie York]","Original Mix"
"All Mine","[Katzz], [Marcel Scott] & [ALLKNIGHT]","Original Mix"
"All Of Us","[STANDERWICK] feat. [Jennifer Rene]","Original Mix"
"All Over Again","[Bryan Kearney] & [Plumb]","Original Mix"
"All Over Again","[Bryan Kearney] & [Plumb]","[Sean Tyas] & [David Elston] Remix"
"All We Have Is Now","[Betsie Larkin] with [Super8 & Tab]","Original Mix"
"All Your Colours","Kyau & Albert","Original Mix"
"All Your Colours","Kyau & Albert","[Andrew Rayel] Remix"
"Allegro","Paul Thomas","Original Mix"
"Alone","Estiva","[Grum] Remix"
"Alone","Maarten de Jong","Original Mix"
"Alone","Ruddaz","Original Mix"
"Alone In The Dark","Airwave","Original Mix"
"Alpha State","Markus Schulz","[Mike Foyle] Remix"
"Always a Fool","Kyau & Albert","[Jope] Remix"
"Always with Me","Liam Wilson","Original Mix"
"Amative","Luminance","Original Mix"
"Amazon","Midway","Original Mix"
"Ambrosia","[Mike Danis] & [Johnny Yono]","Original Mix"
"Among Us","[Greg Downey] & [Alex Di Stefano]","Original Mix"
"Amsterdam","Luminary","[Smith & Pledger] Remix"
"An Angel's Love","[Alex M.O.R.P.H.] feat. [Sylvia Tosun]","Original Mix"
"Analigital","Andy Duguid","Original Mix"
"Angels and Demons","Armaz","[Carl B.] Remix"
"Another Angel","Mark Andrez","Original Mix"
"Another Day","[DNS Project] feat. [Madelin]","Original Mix"
"Another Day On The Terrace","Sunlounger","Original Mix"
"Another Earth","Shadow Chronicles","Original Mix"
"Another Situation","[Terry Bones] vs. [Precision]","Original Mix"
"Another You","[Armin van Buuren] feat. [Mr. Probz]","Original Mix"
"Another You","[Armin van Buuren] feat. [Mr. Probz]","[Headhunterz] Remix; Hotmix Start"
"Answers","Au5","Original Mix"
"Anthem","[Filo & Peri] feat. [Eric Lumiere]","[John O'Callaghan] Remix"
"Anti Social Media","[Coming Soon!!!] & [Bryan Kearney]","Original Mix"
"Anywhere","anamē","Road Trippin'"
"Apollo Road","[ATB] & [Dash Berlin]","Club Mix"
"Apprehension","[Simon O'Shine] & [Sergey Nevone]","[Aly & Fila] Mix"
"Apricots","Bicep","Original Mix"
"Arctic","Mino Safy","Original Mix"
"Are You With Me","Lost Frequencies","[Dash Berlin] Remix"
"Are You With Me","[Markus Schulz] & [Daimy Lotus]","[Sector 7] Remix"
"Aria","Monoverse","Original Mix"
"Arisen","Arksun","Original Mix"
"Arrivals","Mark Sixma","Original Mix"
"As It Was Meant To Be","[Dreamy] feat. [Magdalen Silvestra]","[Darren Porter] Remix"
"As One","[Luke Bond] & [Paul Aiden]","Original Mix"
"As The Rush Comes","Motorcycle","Original Mix"
"As The Rush Comes","Motorcycle","[Armin van Buuren] Universal Religion Remix"
"As The Rush Comes","Motorcycle","[Sweeping Strings] Remix"
"Ascend","[Suncatcher] & [Exolight]","[Maywave] Remix"
"Ascent","Michael Dow","Original Mix"
"Ashes","Sebastian Brandt","Original Mix"
"Ashes","[Denis Kenzo] feat. [Sarah Lynn]","Original Mix"
"Ashes","[Denis Kenzo] feat. [Sarah Lynn]","[Cold Rush] Remix"
"Ask The Angels","Heatbeat","Original Mix"
"Ask The Cat","Heatbeat","Original Mix"
"Assassin","Sultan + Shepard","Original Mix"
"Asylum","PRAANA","Original Mix"
"At Dawn","[Fallen Skies] & [Pluton]","[Dima Krasnik] Remix"
"Athanasia","[Alex M.O.R.P.H.] & [Temple One]","Original Mix"
"Atmosphere","[Darren O'Brien] & [Alex Holmes]","Original Mix"
"Atrea","Heimanu","Original Mix"
"Automatic City","Three Drives","Original Mix"
"Autumn","George Hales","[St John vs. Locust] Remix"
"Autumn","[Seelo] & [George Gleeson]","Original Mix"
"Avalon","Insigma","[Midway] Remix"
"Awake","[Killogy] & [Matthew White] feat. [Angelika Vee]","[Jakko] Remix"
"Aztec","Neptune Project","Original Mix"
"Aztec","Neptune Project","[Neptune Project]'s Future Mix"
"BLACKOUT","[ASHER SWISSA], [Zvika Brand] & [Lusil]","Original Mix"
"Babylon","Hemstock & Jennings","[Icone] Remix"
"Back Into Your Arms","[Modera] & [Blonde Maze]","Original Mix"
"Back To You","[DJ Shah] feat. [Adrina Thorpe]","[Aly & Fila] Remix"
"Back To You","[Ekali] feat. [Kiiara]","[Codeko] Remix"
"Back in The Days","Leon Bolier","Original Mix"
"Banshee","Sean Tyas","Original Mix"
"Be There 4 U","Kyau & Albert","[Mat Zo] Remix"
"Be the Angel","[Giuseppe Ottaviani] & [Lucid Blue]","Original Mix"
"Beat of My Heart","R3spawn","Original Mix"
"Beautiful","Ferry Corsten","[MaRLo] Remix"
"Beautiful","Orkidea","[Alt + F4] Remix"
"Beautiful","[Giuseppe Ottaviani] & [Cari]","Original Mix"
"Beautiful Life","[Armin van Buuren] feat. [Cindy Alma]","[Mikkas] Remix"
"Beautiful Nothing","[Radion 6] & [Katty Heath]","Original Mix"
"Beautiful Things","Andain","[Gabriel & Dresden] Unplugged Mix"
"Beautiful Things","Andain","[Josh Gabriel]'s Tech Mix"
"Beautiful Together","[OceanLab] feat. [Justine Suissa]","[Seraque] Remix"
"Beauty Hides In The Deep","The Doppler Effect","[The Blizzard] Remix"
"Before Long","Steve Anderson","[Alex M.O.R.P.H.] Remix"
"Before You Go","Oxid Project","[Likuida] Remix"
"Begin Again","[King & Early] feat. [Lauren L'aimant]","Original Mix"
"Behind Blue Eyes","[Matt Fax] & [Chris Howard]","Original Mix"
"Behind Your Smile","[Vast Vision] feat. [Fisher]","[Suncatcher] Remix"
"Berlinition","[Paul van Dyk], [Chriss Bekker] & [Chris Montana]","[Paul van Dyk] Club Mix"
"Beside You","[Somna] & [Noire Lee]","[Sean Tyas] Magikal Mix"
"Better Place","[Modera] & [Lauren L'aimant]","Original Mix"
"Between Heaven and Earth","[Nacho Chapado] & [Smaz] feat. [Sue McLaren]","[Jan Martin] Remix"
"Beyond","Different Stage","Original Mix"
"Beyond the Moon","Alpha Breed","Original Mix"
"Big Sky","[John O'Callaghan] feat. [Audrey Gallagher]","[Agnelli & Nelson] Remix"
"Biscayne","Elevation","Original Mix"
"Black Bird","[Gerome] feat. [Cassandra Grey]","Original Mix"
"Black Hole","[Craig Connelly] & [Christina Novelli]","[Giuseppe Ottaviani] Remix"
"Black Hole","[Craig Connelly] & [Christina Novelli]","[Jorn van Deynhoven] Remix"
"Black Magic","Steve Dekay","Original Mix"
"Black Mamba","[Dominic Dominion]","Original Mix"
"Black Sea","Natlife","2007 Rework"
"Black Sun","Dennis Sheperd","[Ronski Speed] Remix"
"Blind","Theo Hutchcraft","[Solarstone] Remix"
"Blitzar","NrgMind","Original Mix"
"Bloodstream","[Ferry Corsten] & [Ruben de Ronde]","Original Mix"
"Bloodstream","[Ferry Corsten] & [Ruben de Ronde]","[Ben Gold] Remix"
"Bloodstream","[Ferry Corsten] & [Ruben de Ronde]","[Cubicore] Remix"
"Blue Circles","Arcane","Original Mix"
"Blue Woods","[Danjo] and [Rob Styles] vs. [DJ Governor]","Original Mix"
"Bodak Yellow","Cardi B","[ID] Remix"
"Body Lotion","Savannah","Original Mix"
"Borderline","[MaRLo] & [Roxanne Emery]","Original Mix"
"Born Yesterday","[Tritonal] feat. [Brigetta]","Original Mix"
"Break Of Day","[Ketho] feat. [Michael Calderone]","Original Mix"
"Break The Light","Alex M.O.R.P.H.","Original Mix"
"Break Through the Ground","[MaRLo] & [Avao]","Original Mix"
"Breaking Ties","OceanLab","[Above & Beyond] Analogue Haven Mix"
"Breathe in Deep","Armin van Buuren","Original Mix"
"Breathing (Airwave)","Rank 1","[Alchimyst] Remix"
"Breathing","[Boom Jinx], [Nitrous Oxide] & [Einar K] feat. [Vintage & Morelli]","[David Broaders] Remix"
"Breathless","[ReOrder] & [Ghost Etiquette] feat. [Miss Geist]","Original Mix"
"Brightest Lights","Lane 8","Original Mix"
"Broken Down","[Tritonal] feat. [Meredith Call]","[Shogun] Remix"
"Bullet That Saved Me","[Tritonal] feat. [Underdown]","Original Mix"
"Bullet That Saved Me","[Tritonal] feat. [Underdown]","[ilan Bluestone] Remix"
"Burned With Desire","[Armin van Buuren] feat. [Justine Suissa]","Original Mix"
"Burned With Desire","[Armin van Buuren] feat. [Justine Suissa]","[Brian Cross] Remix"
"Burned With Desire","[Armin van Buuren] feat. [Justine Suissa]","[Bryan Kearney] Remix"
"Burned With Desire","[Armin van Buuren] feat. [Justine Suissa]","[Rising Star] Remix"
"Burned With Desire","[Armin van Buuren] feat. [Justine Suissa]","[Rising Star] Vocal Mix"
"Burned With Desire","[Armin van Buuren] feat. [Justine Suissa]","[Ronski Speed] Remix"
"Burning Bridges","[Protoculture] feat. [Tricia McTeague]","Original Mix"
"Butterfly Effect","[Niklas Harding] and [Tyu]","[Lucas & Beltram] Mix"
"By My Side","Sunny Lax","Original Mix"
"By Now","[Armin van Buuren] & [D.O.D] feat. [Laura Welsh]","VIP Mix"
"By Your Side","[The Thrillseekers] feat. [Gina Dootson]","Original Mix"
"Cacatua","Steve Brian","Original Mix"
"Call Me Home","[Gem & Tauri] feat. [HALIENE]","Original Mix"
"Calling","[tyDi] feat. [Audrey Gallagher]","[Blake Jarrell] Remix"
"Calling San Francisco","Alex M.O.R.P.H.","Original Mix"
"Can't Sleep","Above & Beyond","[Ruben de Ronde] & [Elevven] Remix"
"Can't Smile","[Duderstadt] feat. [Anita Kelsey] vs. [Above & Beyond] feat. [Ashley Tomberlin]","[Daniel Kandi] Mashup"
"Carabella","[Galen Behr] vs [Hydroid]","[Galen Behr] vs [Ørjan Nilsen] Remix"
"Carry You Home","[Andrew Rayel] & [Tensteps] feat. [Runaground]","Original Mix"
"Carte Blanche","[Dirty South] & [Ferry Corsten]","Original Mix"
"Castles in the Sky","[Kaimo K], [Mariske Hekkenberg] & [Trance Classics]","Original Mix"
"Castles in the Sky","[P.O.U] & [Scott Forshaw]","Original Mix"
"Castles in the Sky","i_o","Original Mix"
"Castrum Mortis","[Ironheart] feat. [Celestial Void]","Original Mix"
"Catch You When You Fall","[DJ T.H.] & [Sharon Valerona]","Original Mix"
"Caught in a Memory","[Kojun] & [Susana]","Original Mix"
"Caught in a Memory","[Kojun] & [Susana]","[Mike Zaloxx] Remix"
"Ch00n!","[Daniel Kandi] & [Matt Chowski]","Original Mix"
"Change The World","[Daniel Kandi] feat. [Sarah Russell]","[Estiva] Remix"
"Change the World","[Ben Gold] & [Allen Watts]","Original Mix"
"Children","Clef & Canberra & SGX","Original Mix"
"Children","[Tinlicker], [Robert Miles]","Original Mix"
"Christmas Days","[Armin van Buuren] feat. [Josh Cumbee]","Encore Version"
"Cimmerian","Lipless & Blue Noir","Original Mix"
"Circa Forever","Rapid Eye","[Radion 6] Remix"
"Circles","[Cubicore] feat. [Kira]","Original Mix"
"Circles","[Titus1] & [Jennifer Rene]","Original Mix"
"Cisza","Key4050","A Dreamstate Anthem"
"Citation","Garry Heaney","Original Mix"
"Civilization","Dinka","Original Mix"
"Clarity","[Zedd] feat. [Foxes]","[Andrew Rayel] Remix"
"Classmate","Giuseppe Ottaviani","Original Mix"
"Clear Blue","Elevation","Original Mix"
"Clear Blue Moon","[Armin van Buuren] & [Rising Star]","[Will Rees] Remix"
"Clear Blue Water","OceanLab","[Ferry Corsten] Remix"
"Climax","Miroslav Vrlik","[Steve Allen] Remix"
"Close Horizon","Thomas Bronzwaer","Original Mix"
"Closer to You","Maratone & Linney","[Lasse Macbeth] Remix"
"Cloud Base","Tritonal","Original Mix"
"Collapse","Robert Burian","[Cesar Lugo] Remix"
"Colours","Philthy Chit","Original Mix"
"Colours","[Nymark] & [Dryden]","[Amir Hussain] Remix"
"Colours Of Life","Mobil","Original Mix"
"Come Back","Pretty Pink","Original Mix"
"Come To Me","[Phuture Sound] feat. [Angie]","Original Mix"
"Come To Me","[Simon Patterson] & [Greg Downey]","Original Mix"
"Coming Home","Armin van Buuren","[Arctic Moon] Remix"
"Communication (Part 3)","Armin van Buuren","Original Mix"
"Company","[Chris Schweizer] feat. [Sarah Howells]","Original Mix"
"Concrete Angel","[Gareth Emery] feat. [Christina Novelli]","[ReOrder] Remix"
"Conflictions","Tzooki","[M.A.N.U.] Remix"
"Connected","[Factor B] & [Arielle Maren]","[Lostly]'s Change of Season Remix"
"Connection","Datskie","Original Mix"
"Consciousness","[ZOA] & [PRIYANX]","Original Mix"
"Conspiracy","Lange","Original Mix"
"Constellation","Thomas Bronzwaer","Original Mix"
"Constellations","Elypsis","Original Mix"
"Contour","[Activa] & [Simon Bostock]","Original Mix"
"Controller","Channel Tres","[Walker & Royce] Remix"
"Copacabana Dream","Tiddey","Original Mix"
"Crash","[Mark Sixma], [M6] & [ReOrder] feat. [Sydnee Carter]","Original Mix"
"Cross the Line","[First State] feat. [Relyk]","club mix"
"Crystal Cource","Abstract Vision","[Ilya Soloviev] & [Crystal Design] Remix"
"Cued Recall","Greg Downey","Original Mix"
"Cyclone","Lustral","Original Mix"
"Cygnes","[Mr Sam] feat. [Claud9]","Original Mix"
"Cynical Orange","Kago Pengchi","Original Mix"
"D# Fat","[Armin van Buuren] & [W&W]","Original Mix"
"Dance Mfs","[Allen Watts] & [Jody 6]","Original Mix"
"Dancing in the Dark","Blonde Maze","Original Mix"
"Day One","[Hardwick] & [Smith & Pledger]","[Above & Beyond] Remix"
"Day Seven","Sophie Sugar","Original Mix"
"Daydream","[The Thrillseekers] with [York & Asheni]","[The Thrillseekers] Club Mix"
"Dayglow","[Armin van Buuren] feat. [Stuart Crichton]","[Bryan Kearney] Remix"
"Daytona","Billy Gillies","[Photographer] Remix"
"Dead Wishes","R.E.N.O.I.S.E.","Original Mix"
"Deep State","Jardin","Original Mix"
"Deep Universe","Klauss Goulart","[M6] Remix"
"Deja Vu","[Talla 2XLC] vs. [Robert Burian]","Original Mix"
"Delight","Matt Bukovski","[Arctic Moon] Remix"
"Delusion","[Super8 & Tab] feat. [Alyna]","Original Mix"
"Departure","Dave202","Club Mix"
"Derailed","[Wayde Rafnel] & [Dave Correa]","[Des McMahon] Remix"
"Destination","Type 41","[Swillow] Remix"
"Diamonds","[Max Graham] & [Tania Zygar]","[Max Graham] Club Mix"
"Digifruitella","Matthew Dekay","Original Mix"
"Digital Odyssey","Евгений Лебедев","Original Mix"
"Digital War","[Paul Miller] vs. [Sajjad Ravjani]","Original Mix"
"Dimensions","Denga & Manus","Original Mix"
"Dimes","Bloodhound Gang","[Sean Tyas] Remix"
"Distant Dreams","Nautical Imagery","[Alex M.O.R.P.H.] Remix"
"Distant Signature","Signum","Alternate Mix"
"Divine","Selu Vibra","Original Mix"
"Do It All Again","[Rodg] & [Sarah de Warren]","Original Mix"
"Don't Leave","Andres Sanchez","Original Mix"
"Don't Leave","[Seven Lions] feat. [Ellie Goulding]","Original Mix"
"Don't Let Me Go","David Broaders","Original Mix"
"Don't Let Us Fade","[Robbie Seed] feat. [Kiki Halliday]","Original Mix"
"Don't Wanna Fall","[Seven Lions], [Last Heroes] & [HALIENE]","[Xavi] Remix"
"Down To Love","[Armin van Buuren] feat. [Ana Criado]","Extended Mix"
"Down To Love","[Armin van Buuren] feat. [Ana Criado]","[Kyau & Albert] Remix"
"Down Under","[Luude] feat. [Colin Hay]","Original Mix"
"Dreamin'","Urban Voodoo","Original Mix"
"Driftations","ATP","[Marninx] Dedicated Remix"
"Drifting Away","[Lange] feat. [Skye]","Original Mix"
"Drop","Sean Tyas","Original Mix"
"Drop The Bass","Simon Patterson","Original Mix"
"Dunes","Aiera","[Ahmed Romel] Remix"
"E.O.S. vs. Satellite","[Ronski Speed] vs. [OceanLab]","[Armin van Buuren]'s Laptop DJ Mashup"
"EVERLASTING","[Emma Hewitt] X [XiJaro & Pitch]","Original Mix"
"Early Days","Gold Rush","Original Mix"
"Earth Hour","Dash Berlin","Original Mix"
"Ease My Pain","[SOLR] & [Cece Mix]","Original Mix"
"Eastern Thrace","[Faruk Sabanci] & [Ken Loi]","[Arctic Moon] Remix"
"Echoes","[Allen Watts] & [SILVELA]","Original Mix"
"Eclipse","Klur","Original Mix"
"Edge of Tonight","[Yohan Warren] & [Brunetti]","Original Mix"
"Electric Eclipse","Push","Original Mix"
"Elektra","Super8 & Tab","Original Mix"
"Elixir","Allen & Envy","Original Mix"
"Elizjum","Andy Elliass","Original Mix"
"Embrace You","Jo Cartwright","[Maratone] Remix"
"Emerald","Sunny Lax","Original Mix"
"Empty Streets","Late Night Alumni","[Morgin Madison] Remix"
"End Of Times","[RAM] & [James Dymond] feat. [Kim Kiona]","Original Mix"
"End Phase","Meridian","[Mike Nichol] Remix"
"Endless","Illitheas","Original Mix"
"Endorphine","C-Quence","[Arizona] Remix"
"Ends of Time","NWYR","Original Mix"
"Enixam","Ruddaz","Original Mix"
"Enough","[Yvvan Back] & [Bignoise]","Original Mix"
"Epoch","[Roger Shah], [Pierre Pienaar] & [Dirkie Coetzee]","Original Mix"
"Equinox","[Kay Wilder] & [Wldr]","Original Mix"
"Eris","Jamala","[Airborne Angel] Remix"
"Es Vedra","[Aly & Fila] vs. [The Thrillseekers]","Original Mix"
"Escape","[Fictivision] vs. [Phynn]","[Fictivision] Remix"
"Escape","[Fictivision] vs. [Phynn]","[Phynn] Mix"
"Eskimo","Story of Oz","Original Mix"
"Esmeralda","Dreamy","Original Mix"
"Esperanza","Alan Morris","Original Mix"
"Eternal","Gal Abutbul","Original Mix"
"Eternal Flame","Alex M.O.R.P.H.","[Solarstone] Pure Mix"
"Eternal Love","[Orkidea] feat. [Marc Mitchell]","Original Mix"
"Ethereal","[DRYM] & [Omnia]","Original Mix"
"Everafter","[Tritonal] feat. [Cristina Soto]","[Cubicore] Remix"
"Everlasting","[Emma Hewitt] & [XiJaro & Pitch]","Original Mix"
"Every Other Day","ReOrder","Original Mix"
"Everything","[Oliver Smith] & [Tom Bailey]","Original Mix"
"Everything From Me (Promises)","Andain","[Gabriel & Dresden] Remix"
"Everything Is Beautiful","[Tritonal] & [Kwesi]","Original Mix"
"Everything To Me","[Sly-One] vs [Jurrane]","[Giuseppe Ottaviani] Remix"
"Evoked Satellite","[Deep Haze] vs. [OceanLab]","Original Mix"
"Exactly","[John O'Callaghan] and [Bryan Kearney]","Original Mix"
"Exalted","gerome","Original Mix"
"Exhale","Bissen","[Sean Tyas] Remix"
"Exhilarate","[Will Rees] & [Asteroid]","Original Mix"
"Existence","Paul Denton","Original Mix"
"Exodus","[Andy Blueman] & [Driftmoon] feat. [Dsharp]","Original Mix"
"Experience","Virtual Vault","Original Mix"
"Explorer","LÜRUM","Original Mix"
"Eye of the Storm","[Aly & Fila] & [Alex M.O.R.P.H.] feat. [Cheryl Barnes]","Original Mix"
"F.A.V. Rain","[Armin van Buuren] feat. [Cathy Burton] vs. [Cosmic Gate]","[Armin van Buuren] Mashup"
"Fable","[Mike van Fabio] & [Cherry]","[Mhammed El Alami] Remix"
"Face To Face","Armin van Buuren","[Martin Roth] Remix"
"Faces","[Ashley Wallbridge] & [Andy Moor] feat. [Meighan Nealon]","Original Mix"
"Faces","[Ashley Wallbridge] & [Andy Moor] feat. [Meighan Nealon]","[Ben Gold] Remix"
"Fade Away","[Giuseppe Ottaviani] & [Mila Josef]","Onair Mix"
"Faded","Alan Walker","[Talla 2XLC] Uplifting Rework"
"Faisal (Envelops Me)","Fred again..","Original Mix"
"Faith","[Nurko] & [Dia Frampton]","Original Mix"
"Fall In","[Nomra] & [Moone]","Original Mix"
"Fall to Me","Activa","[Nikolauss] vs [Activa] Remix"
"Fallen","[Nicholas Gunn] feat. [Alina Renae]","[Richard Durand] Remix"
"Fallen Angel","[Dennis Sheperd] & [Cold Blue] feat. [Ana Criado]","[Dennis Sheperd] Club Mix"
"Fallen Too Far","Sophie Sugar","Original Mix"
"Falling","[First State] feat. [Anita Kelsey]","[Craig Connelly] Remix"
"Fantasy","Morgin Madison","Original Mix"
"Far From Me","Jason van Wyk","Original Mix"
"Fast Lane","Jorn van Deynhoven","Original Mix"
"Fear","Sarah McLachlan","Hybrid's Super Collider Remix"
"Feedback","[Dr. Fresch] feat. [Mina Knock]","Original Mix"
"Feel Again","[Armin van Buuren] feat. [Wrabel]","[ID] Remix"
"Feel Alive","Morgin Madison","Original Mix"
"Feel Around You","[Le Youth] feat. [LeyeT]","[OCULA] Remix"
"Feel the Waves","Driftmoon","Original Mix"
"Feeling Good","Mariana BO","Original Mix"
"Feels Like Home","Solanca","Original Mix"
"Feels Like Home","[Andrew Rayel] feat. [AIDYL]","Original Mix"
"Feels So Good","[Armin van Buuren] feat. [Nadia Ali]","[Tristan Garner] Remix"
"Few Nights","Ultimate","Original Mix"
"Fight The Sunrise","[Gareth Emery] feat. [Lucy Saunders]","[Daniel Kandi] Rise Remix"
"Fiji","Atlantis","[Allan Morrow] Remix"
"Find","[Ridgewalkers] feat. [El]","[Kyau & Albert] Remix"
"Find A Way","[Photographer] & [Susana]","Original Mix"
"Find Me","[Mike Koglin] feat. [Tania Laila]","[Khaomeha] Dub"
"Find This Dream","[Wezz Devall] feat. [Isa Marie]","Original Mix"
"Find Yourself","[John O'Callaghan] feat. [Sarah Howells]","[Cosmic Gate] Remix"
"Find a Place","Cold Blue","Original Mix"
"Fireball","Arisen Flame","Original Mix"
"Firebird","[Ciaran McAuley] & [Clare Stagg]","Original Mix"
"Fireflies","[Roman Messer] feat. [Christina Novelli]","Original Mix"
"Firewalker","The Noble Six","Original Mix"
"Fisherman & Hawkins","Apache","Original Mix"
"Flaming June","BT","Original Mix"
"Flashback","Sequentia","Original Mix"
"Flashpoint","Taylor Torrence","Original Mix"
"Florescence","Andy Blueman","Original Mix"
"Fly Away","Vincent de Moor","[Cosmic Gate] Remix"
"Fly Away","Vincent de Moor","[M6] Remix"
"Flying","Silvermine","[Solarstone] Pure Mix"
"Focus","[Luke Bond] feat. [EKE]","Original Mix"
"Follow Me","DT8 Project","Original Mix"
"Follow Me","[Blanke] & [ShockOne]","[Blanke] Remix"
"Foolish Boy","Emma Hewitt","[John O'Callaghan] Remix"
"For All Time","[Armin van Buuren] and [Aly & Fila] feat. [Kazi Jay]","Original Mix"
"For You","Envio","Original Mix"
"For You","Envio","[The Blizzard] Remix"
"For You","[Paul van Dyk] & [Genix]","Original Mix"
"Forever & Always","[Armin van Buuren], [Gareth Emery] & [Owl City]","Original Mix"
"Forever","Smith & Pledger","Original Mix"
"Forever","[Bogdan Vix] & [Renee Stahl]","2022 Mix"
"Forever","[Bogdan Vix] & [Renee Stahl]","Original Mix"
"Forever","[Bogdan Vix] & [Renee Stahl]","[Bogdan Vix] & [Claudiu Adam] Remix"
"Forever And A Day","[RAM] feat. [Stine Grove]","Original Mix"
"Forever Young","Paul Kold","Original Mix"
"Forget Me","Thomas Knight","Original Mix"
"Fortress","[Ost & Meyer] With [Ronski Speed] feat. [Cate Kanell]","[Dan Stone] Remix"
"Forum of Love","Txitxarro","[Danjo and Rob Styles] Remix"
"Four Rocks","Tommy Baynen","Original Mix"
"Fragments","Cold Rush","Original Mix"
"Frameworks","MitiS","Original Mix"
"Freaks","Jorn van Deynhoven","Festival Mix"
"Freaks","Jorn van Deynhoven","Original Mix"
"Free Fall","Metrik","Original Mix"
"Free Fallin","[Claudia Cazacu] feat. [Audrey Gallagher]","Original Mix"
"Freedom","Aly & Fila","Original Mix"
"Freedom","SoundLift","Original Mix"
"From Above","Greg Downey","Original Mix"
"From The Heart","Xposure","Original Mix"
"From The Sun","[Stoneface & Terminal] with [Robert Nickson]","Original Mix"
"From the Start","[Morgin Madison] & [Ryan Lucian]","[Alex Wright] Remix"
"Frozen","Roman Messer","Full Fire Mix"
"Fused","Genix","[Marcus Schoow] Remix"
"Fusion","[Nitrous Oxide] & [Simon Gregory]","Original Mix"
"Future Fun Land 2003","Perpetuous Dreamer","[Astura] Remix"
"Futuro","[Giuseppe Ottaviani] & [ilan Bluestone]","Original Mix"
"Gabrielle","Tomac","Original Mix"
"Gamemaster","Lost Tribe","[Matt Darey] 2003 Remix"
"Gamemaster","Lost Tribe","[Protoculture] Reconstruction"
"Gamemaster","Lost Tribe","[Space Motion] Remix"
"Ganymede","Andres Sanchez","Original Mix"
"Garden State","Airbase","[Ronski Speed] Remix"
"Gemini","Le Youth","Original Mix"
"Generate","Eric Prydz","Original Mix"
"Generate vs. Personal Jesus","[Eric Prydz] vs. [Depeche Mode]","[Eric Prydz] Remix; [Armin van Buuren] Mashup"
"Get Down","[Andrew Rayel] & [Roman Messer]","Original Mix"
"Getaway","[Dezza] & [EMME]","Original Mix"
"Getaway","[Dezza] & [EMME]","[djimboh] Remix"
"Ghost","Signum","Original Mix"
"Ghost Voices","Virtual Self","Original Mix"
"Ghost Voices","Virtual Self","[ALPHA 9] Remix"
"Ghost Voices","Virtual Self","[Solis & Sean Truby] Rework"
"Ghost vs. Eighties","[Deepsky] feat. [Jes] vs. [Yilmaz Altanhan]","[Filo & Peri] Remix vs. Original Mix"
"Give Me a Feeling","Mark Novas","Original Mix"
"Give Your Heart a Home","[Richard Durand] & [HALIENE]","Original Mix"
"Glass Heart","HALIENE","[Last Heroes] Remix"
"Glass Heart","HALIENE","[Sunny Lax] Remix"
"Globalization","Andrew Rayel","Original Mix"
"Glory","Ferrin & Morris","Original Mix"
"God Is in the Soundwaves","[Armin van Buuren] & [Xoro] feat. [Yola Recoba]","Harder Mix"
"God Is in the Soundwaves","[Armin van Buuren] & [Xoro] feat. [Yola Recoba]","Original Mix"
"Gods Keyboard","Daniel B.","[Coldware Cold] Remix"
"Godspeed","BT","[Maria Healy] Remix"
"Going Deep","Chicane","Club Mix"
"Going Home","[Cosmic Gate] feat. [Emma Hewitt]","Club Mix"
"Going Wrong","[Armin van Buuren] & [DJ Shah] feat. [Chris Jones]","Original Mix"
"Gold","Matt Fax","Original Mix"
"Gold","[D'Angello] & [Francis] & [Belle Humble]","Original Mix"
"Good For Me","[Above & Beyond] feat. [Zoe Johnston]","[Above & Beyond]'s Club Mix"
"Goodbye","[Andrew Rayel] feat. [Alexandra Badoi]","[Ben Gold] Remix"
"Gorgeous","[Illenium], [Bipolar Sunshine] & [Blanke]","Original Mix"
"Gorgeous vs. All Together","[Blanke] & [Illenium] feat. [Bipolar Sunshine] & [OEKIIN]","Original Mix"
"Got Love","Sean Tyas","[Alex M.O.R.P.H.] B2B [Woody van Eyden] Remix"
"Gratitude","[Above & Beyond] & [anamē] feat. [Marty Longstaff]","Original Mix"
"Gravity","Parker & Hanson","Original Mix"
"Gravity","[Aly & Fila] & [Deirdre McLaughlin]","[Daxson] Remix"
"Gravity","[Tom Staar], [Jem Cooke] & [AVIRA]","Original Mix"
"Gravity","[Tom Staar], [Jem Cooke] & [AVIRA]","[Fabrication] Remix"
"Greece 2000","Three Drives","[Sander van Dien] Remix"
"HR 8938 Cephei","deadmau5","Original Mix"
"Halcyon","Andy Moor","[Alex M.O.R.P.H.] Remix"
"Halcyon","Matt Fax","Original Mix"
"Hallucination","[André Visior] & [Mind X]","Original Mix"
"Hammer Time","[Chris Schweizer] & [Paul Denton]","Original Mix"
"Happy Where We Are","[Tritonal], [Dylan Matthew] & [Au5]","Original Mix"
"Happy Where We Are","[Tritonal], [Dylan Matthew] & [Au5]","[Kaidro] Remix"
"Happy Where We Are","[Tritonal], [Dylan Matthew] & [Au5]","[ilan Bluestone] Remix"
"Hard_Vox_Tekk_","[Will Atkinson] & [Klaus Kaz]","Original Mix"
"Harmony Will Kick You In The Ass","[LNG]","[Lange] Mix"
"Hate Is The Killer","Moonbeam","[ARTY] Remix"
"Heading Up High","[Armin van Buuren] feat. [Kensington]","[First State] Remix"
"Healing","Mhammed El Alami","Original Mix"
"Healing Rain","[Easton] feat. [Roxanne Emery]","[Bryan Kearney] Remix"
"Heart Is My Religion","[Axwell] vs. [R.E.M.]","[Blake Jarrell] Mashup"
"Heart Like An Ocean","[Paul van Dyk], [Mark Eteson] & [Tricia McTeague]","[Aly & Fila] Remix"
"Heartbreak","Rosie and the Goldbug","[Gareth Emery] Dub"
"Heaven","PRAANA","Original Mix"
"Heaven Rain","[Fast Distance] & [Balearia]","Original Mix"
"Heavy","Christina Novelli","[Daxson] Remix"
"Hector","Silva City","Original Mix"
"Helion","[Mike Koglin] vs [Genix]","Original Mix"
"Hello Strings","[Synergy]","[ID] Remix"
"Hello World","Store N Forward","Original Mix"
"Helpless","[Myon & Shane 54] feat. [Aruna]","Monster Mix"
"Here I Am","[Nicholas Gunn] & [Harshil Kamdar] feat. [Alina Renae]","[Richard Durand] Remix"
"Here With Me","[Matt Fax] & [Richard Walters]","[Angara] Remix"
"Here With Me","[Omar Sherif] & [Susie Ledge]","Original Mix"
"Hide U","Siân Evans","[Tinlicker] Remix"
"Hide U","[Roger Shah], [Siân Evans] & [Jerome Isma-Ae]","Original Mix"
"Higher","Ron with Leeds","Original Mix"
"Higher Love","[Seven Lions] & [Jason Ross] feat. [Paul Meany]","[Seven Lions] & [Jason Ross] 1999 Remix"
"Highlander","Taste Experience","[Ralphie B]'s Massive Mix"
"Hit & Run","[Marcus Santoro] feat. [Darla Jade]","Original Mix"
"Hold Me","Minus One","[Natrx] Remix"
"Hold On","[ilan Bluestone], [Maor Levi] & [Alex Clare]","Original Mix"
"Hold on to This","[Hel:sløwed] & [That Girl]","Original Mix"
"Holding On","Cubicore","Original Mix"
"Hollow / After All","[Blanke], [Slander] & [YOOKiE] feat. [Jinzo]","[ID] Remix; [Kompany] & [Wooli] Remix VIP"
"Home","Above & Beyond","Club Mix"
"Hope","[Valhalla]","[Dima Krasnik] Remix"
"Horizon","Super8 & Tab","Original Mix"
"Horizon","[Seven Lions], [Tritonal] & [Kill the Noise] feat. [HALIENE]","Original Mix"
"Horizon","[Zack Martino] feat. [Bertie Scott]","Original Mix"
"Horizonte","SoundLift","Original Mix"
"How Do I Know","[Andrew Rayel] feat. [Jano]","[Arston] Remix"
"How Long?","[Aly & Fila] vs. [FKN] feat. [Jahala]","Original Mix"
"How Long?","[Aly & Fila] vs. [FKN] feat. [Jahala]","[Factor B]'s in Loving Memory of Ellie Gray Remix"
"Human","The Killers","[Armin van Buuren] Remix"
"Humanity","ATB","[Rank 1] Remix"
"Huracan","Gareth Emery","Original Mix"
"Huracan","Gareth Emery","[Ben Gold] Remix"
"Hurricane Love","[Super8 & Tab] feat. [Colin Smith]","Original Mix"
"I Am","Chakra","[Markus Schulz] Remix"
"I Am","Chakra","[atDusk] Remix"
"I Am","[PRAANA] & [LEVV]","Loving Awareness Mix"
"I Am Your Shadow","[Giuseppe Ottaviani] feat. [Shannon Hurley]","Original Mix"
"I Can Breathe","[Tritonal] feat. [Jeza]","[Tritonal] Club Mix"
"I Can't Let You Go","Ian van Dahl","[Push] Dub Mix"
"I Don't Deserve You","[Paul van Dyk] feat. [Plumb]","[Seven Lions] Remix"
"I Feel Love","CRW","[Andres Sanchez] & [Omar Sherif] Rework"
"I Found A Way","Daniel Kandi","Original Mix"
"I Gave It All","Aquilo","[Kyau & Albert] Remix"
"I Love You","[Key4050] & [Plumb]","Original Mix"
"I Matter to You","[Richard Durand] & [Susana]","Original Mix"
"I See You","Hessian","Original Mix"
"I Surrender","[Armin van Buuren] feat. [Cathy Burton]","[Sebastian Brandt] Remix"
"I Swear","[Dirty South] feat. [ANIMA!]","[Jason Ross] Remix"
"I Wish","[Andrew Rayel], [Robbie Seed] & [Jimmy Chou] feat. [That Girl]","Original Mix"
"I Won't Fall","[Headstrong] feat. [Stine Grove]","[ReOrder] Remix"
"I'll Be the One","[GATTÜSO] & [Disco Killerz]","[DubVision] Remix"
"I.O.U. / Because of You","[Jason Ross], [Emilie Brandt], [Da Tweekaz] & [Refuzion]","[Crystal Skies] Remix"
"ID","Armin van Buuren","Original Mix"
"ID","Armin van Buuren","[M.I.K.E.] Remix"
"ID","FUTURECODE","Original Mix"
"ID","Factor B","Original Mix"
"ID","Gareth Emery","Original Mix"
"ID","Hel:sløwed","Original Mix"
"ID","ID","Original Mix"
"ID","ID","[Jorn van Deynhoven] Remix"
"ID","Silva City","Original Mix"
"ID","Stoneface & Terminal","Original Mix"
"ID","[FUTURECODE] feat. [Roxanne Emery]","Original Mix"
"Ibeatza","Poison Club","Original Mix"
"Ibiza Sky","Kenny Hayes","[Alex M.O.R.P.H.] Remix"
"If I Lose Myself Coming Home","[Armin van Buuren] vs. [Arctic Moon] vs. [OneRepublic]","[Shura Vlasov] Mashup"
"If Not Now","[Cosmic Gate] & [Jes]","Club Mix"
"If You Only Knew","[Hel:sløwed] & [Amber Revival]","Original Mix"
"If You Only Knew","[Hel:sløwed] & [Amber Revival]","[Mitch de Klein] Remix"
"Ignite","Symmetrik","Original Mix"
"Ignite","[Paul Webster] & [NoSo]","Original Mix"
"Illusion of The Truth","[Fred Numf] vs. [Etienne Overdijk]","Original Mix"
"Illusions","Lipless","Original Mix"
"Imagine","Armin van Buuren","[Paul Miller] Remix"
"Imogen Heap","Hide and Seek","[Enmass] Remix"
"Impression","Derelict","[Adam Nickey] Remix"
"Impulse","Allen Watts","Original Mix"
"Impulse","Andrew Rayel","[Omnia] Remix"
"In A Perfect World","[Sied van Riel] & [STANDERWICK]","[Daniel Skyver] Remix"
"In And Out Of Love","[Armin van Buuren] feat. [Sharon den Adel]","[Lost Frequencies] Remix"
"In Motion","Olan & Nourey","Club Mix"
"In Silence","Hel:sløwed","Original Mix"
"In Too Deep","[Kapera] & [EMME]","Original Mix"
"In Too Deep","[Man Cub], [TRØVES] & [Awakend]","Original Mix"
"In the Silence","[Luminn] & [Roxanne Emery]","Original Mix"
"In the Silence","[Luminn] & [Roxanne Emery]","[LKX] Remix"
"Infinite Horizon","Sequentia","Original Mix"
"Infinitude","Onova","Original Mix"
"Inner Beauty","Mike Danis","[Angel Ace] Remix"
"Innermost","Kaimo K","Original Mix"
"Innocence","Sam Laxton","Original Mix"
"Inside The Fire","[NoMosk] & [Lucid Blue]","[Mhammed El Alami] Remix"
"Insider","Angelstyle","Original Mix"
"Inspiration","Eclipse","Original Mix"
"Into The Dusk","Arctic Moon","Original Mix"
"Into The Night","4 Strings","Original Mix"
"Into The Night","4 Strings","[4 Strings] Remix"
"Into The Night","4 Strings","[Coast 2 Coast] Remix"
"Into The Sunrise","Mobil","[ReOrder] Remix"
"Into the Light","RIKO & GUGGA","Original Mix"
"Into the Night","[Audorn] & [Sarah de Warren]","Original Mix"
"Into the Night","[Kapera] feat. [Daniel Robinson]","Original Mix"
"It's In Your Heart","[David Gravell] feat. [Christon]","Club Mix"
"JYNX","Ashley Wallbridge","Cut Edit"
"JYNX","Ashley Wallbridge","Original Mix"
"Jackknife / ID","[RIOT] & ID","Original Mix"
"Janeiro","Solid Sessions","[Armin van Buuren] Remix"
"Jar of Hearts","[KEPIK] & [Sarah West]","Original Mix"
"Jeger","Ørjan Nilsen","Original Mix"
"Jet Packin","Space SpockerZ","[Phynn] Remix"
"Jewelery By Nature","Signum","[M6] Remix"
"Juggernaut","RIOT","Original Mix"
"Just As You Are","[Armin van Buuren] & [Rising Star] feat. [Fiora]","Original Mix"
"Just Be","[Tiësto] feat. [Kirsty Hawkshaw]","Original Mix"
"Just For You","Daniel Kandi","Original Mix"
"Just as You Are","[Armin van Buuren] & [Rising Star] feat. [Fiora]","Original Mix"
"Kahan (Last Year)","[Fred again..] feat. [Kodak Black]","Original Mix"
"Kaipara","[Akira Kayosa] & [Hugh Tolland]","[ReOrder] Remix"
"Kaleidoscope Eyes","Adymus","Original Mix"
"Kalopsia","The Blizzard","Original Mix"
"Kalopsia","The Blizzard","[Matt Fax] Remix"
"Kamehameha","[Lucas Deyong] & [0Gravity]","Original Mix"
"Keep My Dreams Alive","[Tritonal] & [Susie Ledge]","[Giuseppe Ottaviani] Remix"
"Keep the Fire Burning","[Talla 2XLC], [Carl B] & [Katie Marne]","[Magnus] Remix"
"Khepera","Aly & Fila","Original Mix"
"Kiksu","Kyau & Albert","2011 Mix"
"Kiksu","Kyau & Albert","Original Mix"
"Kingdom","[Shane 54] & [London Thor]","[KhoMha] Remix"
"Kiss the Night","MurZo","Original Mix"
"L'Acrobat","[Ferry Tayle] & [Static Blue]","Original Mix"
"L'Acrobat","[Ferry Tayle] & [Static Blue]","[Andy Blueman] Remix"
"La Guitarra","Ørjan Nilsen","Original Mix"
"La Parts Des Anges","[Fred Baker] and [Vincent Gorczak]","Siberian Sun Mix"
"Labyrinth","Arizona","Original Mix"
"Last Goodbye","Luke Bond","Original Mix"
"Latika","Simon Patterson","Original Mix"
"Launching","[Achilles] & [Boris Foong]","Original Mix"
"Lean On Me","Ruben de Ronde","[Cubicore] Remix"
"Lean On Me","Ruben de Ronde","[Robbie Seed] Remix"
"Lean On Me","[Giuseppe Ottaviani] feat. [Jennifer Rene]","Original Mix"
"Leave Me Wanting More","Amar N","Original Mix"
"Leaving Ankara","Sabanci & Truby","Original Mix"
"Legend","Maywave","Original Mix"
"Lekker","Claudia Cazacu","Original Mix"
"Let Go","[Armin van Buuren] & [Tom Staar] feat. [Josha Daniel]","Original Mix"
"Let Loose","Sam Jones","Original Mix"
"Let The Thunder In","[Kyau & Albert] feat. [Neev Kennedy]","Original Mix"
"Let the Light Shine in","[Darren Tate] & [Jono Grant]","Original Mix"
"Let the Light Shine in","[Darren Tate] & [Jono Grant]","[Brian Cross] & [Abel Ramos] Remix"
"Lies Cost Nothing","[John O'Callaghan] feat. [Clare Stagg]","[Will Atkinson] Remix"
"Life Is Back","[Daniel Kandi] & [Prox]","Original Mix"
"Lifetime","Carlo Resoort","[4 Strings] Remix"
"Lifted","Volaris","Original Mix"
"Lifter","Starpicker","Original Mix"
"Light Up The Sky","[Wooli], [Trivecta] & [Scott Stapp]","Original Mix"
"Lights Around the World","[Craig Connelly] feat. [Megan McDuffee]","Original Mix"
"Lights Will Guide You Home","Driftmoon","Original Mix"
"Listening","[Aly & Fila] feat. [Josie]","[Philippe El Sisi] Remix"
"London to Bangkok","Rozza","[Haris C] Remix"
"Lonely Girl","[OceanLab]","[Gareth Emery] Remix"
"Looking Back","[Adam Szabo] & [Willem de Roo]","Original Mix"
"Loop Hole","ID","[Robert Gitelman] Remix"
"Lophorina","Romain Garcia","Original Mix"
"Lose Control","Craig Connelly","Original Mix"
"Lose This Feeling","Armin van Buuren","[Dimension] Remix"
"Lose Yourself","[Ruben de Ronde] & [That Girl]","Original Mix"
"Lost","[Liam Melly] & [Jessica Doherty]","Original Mix"
"Lost In Nowhere","Van Der Vleuten","Original Mix"
"Lost In The Wind","Costa","Original Mix"
"Lost Souls","Captured Sun","[Ex-Driver] Remix"
"Lost Together","[Sophie Sugar] vs. [Sunlounger] feat. [Zara]","[Armin van Buuren] Mashup"
"Louder","[Jose Amnesia] feat. [Jennifer Rene]","[Jon O'Bir] Bootleg Mix"
"Louder","[Paul van Dyk] and [Roger Shah] feat. [Daphne Khoo]","[Ben Nicky] Remix"
"Love Is Love","[Farius] & [Sue McLaren]","Original Mix"
"Love Is a Drug","ilan Bluestone","[XiJaro & Pitch] Remix"
"Love Rain Down","[George Acosta] feat. [Fisher]","[First State] Remix"
"Love Shines Through","Chakra","[Maarten de Jong] Remix"
"Love Theme Dusk","[Mike Foyle] vs [Signalrunners]","Original Mix"
"Love Too Hard","[Armin van Buuren] feat. [Jessie Morgan]","Original Mix"
"Love Too Hard","[Armin van Buuren] feat. [Jessie Morgan]","[Roger Shah] Pumpin' Island Remix"
"Love Washes Over","[Art of Trance] feat. [M. Adamson]","Dub Mix"
"Love Will Bring It All Around","[Giuseppe Ottaviani] & [Eric Lumiere]","Original Mix"
"Love You More","[Dave Neven] & [Nicholas Gunn]","Original Mix"
"Love in Slow Motion","[Robby East] & [Kuala]","Original Mix"
"Lovingly","[Oliver Smith] feat. [Amy J Price]","Original Mix"
"Lucid Eyes","Johnny Yono","Original Mix"
"Lucky Penny","[Elevven] & [Ruben de Ronde]","[XiJaro & Pitch] Remix"
"Lullaby","[PRAANA] & [Julia Church]","[Bound to Divide] Remix"
"Luna System","[Steve Brian] & [Noel Gitman]","[Tritonal] Remix"
"Lunation","[Sonicvibe] & [Mike Shiver]","[Masters & Nickson] Remix"
"Lungomare","[John Hetmond] & [Osip]","Original Mix"
"Made Of Love","[Ferry Corsten] feat. [Betsie Larkin]","Original Mix"
"Made Of Sun","Kyau & Albert","Hard Dub"
"Madras","Global Experience","Original Mix"
"Magic Light","[STANDERWICK] & [Philippe El Sisi] feat. [Ana Criado]","Original Mix"
"Magnetica","Vol Deeman","Original Mix"
"Majestic","Sayla","[Arizona vs. Passiva] Remix"
"Make You Mine","[Mike Williams] feat. [Moa Lisa]","Original Mix"
"Marea (We've Lost Dancing)","[Fred again..] & [The Blessed Madonna]","Original Mix"
"Marrakech","ATB","Club Mix"
"Marvellous Universe","Bixx","Original Mix"
"Massive Foldback","[Ralphie B] vs. [David Forbes]","[Ronski Speed] Mashup"
"Maya","Eddie Sender","Original Mix"
"Medic","Jordan Suckley","[Arctic Moon] Remix"
"Melbourne","Sean Tyas","[David Newsum] Remix"
"Melo","Pryda","Original Mix"
"Memories","[A.R.D.I.] feat. [Irena Love]","Original Mix"
"Mental Theme","Ace's Delight","Ultra Trance Mix"
"Mercy","[MitiS] & [Glasscat]","Original Mix"
"Meronym","[Mohamed Ragab] & [Mino Safy]","Original Mix"
"Mess of a Machine","[John O'Callaghan] & [Kathryn Gallagher]","[Billy Gillies] Remix"
"Messing With The Fantasy","Ian Betts","Original Mix"
"Metaphorique","Cape Town","Original Mix"
"Meteor Shower","[Aimoon] & [Offshore Wind]","Original Mix"
"Metropolis","Gareth Emery","Original Mix"
"Miharo","Signum","Original Mix"
"Miles Away","[Armin van Buuren] feat. [Sam Martin]","Album Edit"
"Minerva","Supuer","Original Mix"
"Miracle","OceanLab","[Above & Beyond] Club Mix"
"Miracle Moment","[Andy Duguid] feat. [Leah]","[Marc Simz] Remix"
"Mirage (Of Hope)","Hemstock & Jennings","[Lange] Remix"
"Miraje","Le Youth","Original Mix"
"Missing","[Mark Sixma] & [Emma Hewitt]","Original Mix"
"Moments","[MitiS] feat. [Adara]","Original Mix"
"Moments Are Forever","Moon Project","Original Mix"
"Monday Morning Madness","[Alex M.O.R.P.H.] feat. [Shannon Hurley]","[Alexander Popov] Remix"
"Monsun","3rd Moon","Original Mix"
"Moving Mountains","[Aurosonic], [Mully], [Shvman] & [M3GA]","Original Mix"
"Mr. Navigator","[Armin van Buuren] & [Tempo Giusto]","Original Mix"
"Muhanjala","Duderstadt","Original Mix"
"My Guiding Light","[Christina Novelli] & [Richard Durand]","Original Mix"
"My Inner Island","[The Blizzard] & [Omnia]","Original Mix"
"My Inner Island","[The Blizzard] & [Omnia]","[Yuri Kane] Remix"
"Nano","Sønin","Original Mix"
"Nathan's Song","Craig Connelly","Original Mix"
"Need For Cognition","Hawk","Original Mix"
"Need To Feel Loved","[Reflekt] feat. [Delline Bass]","[Adam K & Soha] Remix"
"Need You","GLN","Original Mix"
"Need You Here","[Sneijder] feat. [Victoriya]","Original Mix"
"Need to Feel Loved (Higher Love)","[UnClubbed], [Seven Lions] & [Jason Ross] feat. [Zoe Durrant] & [Paul Meany]","Original Mix"
"Need to Feel Loved","[Cosmic Gate] & [Forêt]","Original Mix"
"Needed You","[Ghost Etiquette] feat. [Aza Nabuko]","[Sam Laxton] Remix"
"Neno","Marksun & Brian","[Stoneface and Terminal] Remix"
"Netherworld (2005)","L.S.G.","[Oliver Prime] Remix"
"Neurochemistry","[Ace Ventura] & [Liquid Soul]","Original Mix"
"Never Be Alone","[System Bot vs. 33] feat. [Costa]","[Nitrous Oxide] Remix"
"Never Enough","Ahmed Romel","Original Mix"
"Never Enough","[Jon O'Bir] feat. [Julie Harrington]","Original Mix"
"Never Fade Away","[John O'Callaghan] feat. [Lo-Fi Sugar]","[Andy Duguid] Remix"
"Never Forgotten","Dreamy","[Factoria] Remix"
"Never Give Up","Broning","Original Mix"
"New Beginning","ReOrder","Original Mix"
"New Dawn","[Fisical Project], [Caleb Golston] & [Sue McLaren]","Original Mix"
"New Harvest","Alex M.O.R.P.H.","New Club Mix"
"New Harvest","Alex M.O.R.P.H.","Original Mix"
"New Life","[Roman Messer] & [Denis Sender]","[Ahmed Romel] Remix"
"New York City","[Paul van Dyk] & [Starkillers] & [Austin Leeds] feat. [Ashley Tomberlin]","Original Mix"
"Niavara","Ingsha","[Manuel Le Saux] Remix"
"Night City","Parnassvs","[Dustin Husain] Remix"
"Night Highway","Vertruda","Original Mix"
"Night Rider","[Abraxis] & [Crystal Skies]","Original Mix"
"No Turning Back","[Corey James] & [ALLKNIGHT]","Original Mix"
"Nocturnal Creatures","[Darren Tate] vs [Jono Grant]","[Jono Grant] Remix"
"Northern Soul","[Above & Beyond] feat. [Richard Bedford]","[ilan Bluestone] Remix"
"Not Giving Up On Love","[Armin van Buuren] feat. [Sophie Ellis-Bextor]","Club Mix"
"Not Giving Up On Love","[Armin van Buuren] feat. [Sophie Ellis-Bextor]","[Jorn van Deynhoven] Remix"
"Not Made To Break","[Re:locate] vs. [Robert Nickson] & [Neev Kennedy]","Original Mix"
"Not the Same","Markus Schulz","Original Mix"
"Nothing At All","[Rex Mundi] feat. [Susana]","Original Mix"
"Nothing At All","[Rex Mundi] feat. [Susana]","[M6] Remix"
"Nothing But You","[Paul van Dyk] feat. [Hemstock & Jennings]","[Super8 & Tab] Remix"
"Nothing to Hide","[Cosmic Gate] & [Diana Miro]","Original Mix"
"Now You See","Mark Thornton","[Ross Essenheim] Remix"
"Now or Never","[Daxson] & [Nation of One]","[Craig Connelly] Remix"
"Oceanic","[Tranquility Base]","Original Mix"
"Oceanic","[Tranquility Base]","[Sean Tyas] Remix"
"Oceanic","[Tranquility Base]","[Super8 & Tab] Remix"
"Olympia","Vivid","Original Mix"
"On & On","[Above & Beyond] feat. [Louise Rademakers]","Original Mix"
"On A Good Day","OceanLab","[Above & Beyond] Club Mix"
"On My Mind","[Farius] & [Cristina Soto]","Original Mix"
"On My Mind","[Farius] & [Cristina Soto]","[Farius] Lost in 137 Mix"
"On The Edge","Beat Service","Original Mix"
"On The Run","Tillmann Uhrmacher","Ocean To Shore Club Extended"
"One More Day","[Jason Ross], [Blanke] & [Chandler Leighton]","Original Mix"
"One Night In Tokyo","[DJ Shah] & [Purple Mood]","[DJ Shah] Savannah Mix"
"One Wish","Evbointh","Original Mix"
"One Wish","Evbointh","[Daniel Kandi] & [Andre] Remix"
"One for The Road vs. We Will Rock","[Grayarea] vs. [Queen]","[Gabriel and Dresden] Remix vs. Acapella"
"Only For You","Ahmed Romel","[Arctic Moon] Remix"
"Onyric","Cressida","[Stoneface & Terminal] Remix"
"Onyx","Advanced","Original Mix"
"Opera","Andrew Rayel","Original Mix"
"Orbit","Solid Stone","Original Mix"
"Orients","Kaiyan","Original Mix"
"Origami","Dimension","Original Mix"
"Origami","Dimension","[Ferry Tayle] Emotional Remix"
"Origami","ID","Original Mix"
"Orion","Johnny Yono","Original Mix"
"Osaru","[Akira Kayosa] & [Osaru]","Original Mix"
"Other Side of the World","[Craig Connelly] & [HALIENE]","Original Mix"
"Our Desire","[Tekno], [DJ T.H.] & [That Girl]","Original Mix"
"Out Of The Sky","[Lange] feat. [Sarah Howells]","[Kyau & Albert] Remix"
"Out There","[Masters & Nickson] feat. [Justine Suissa]","[Robert Nickson] 2016 Remix"
"Out There","[Masters & Nickson] feat. [Justine Suissa]","[Sean Tyas] Remix"
"Out There","[Masters & Nickson] feat. [Justine Suissa]","[Uufo] Remix"
"Out of Nowhere","[John O'Callaghan] feat. [Josie]","[Connor Woodford] Remix"
"Out of the Dark","[Tritonal] & [EMME]","Original Mix"
"Out of the Dark","[Tritonal] & [EMME]","[Fatum] Remix"
"Out of the Sky","[Lange] & [Sarah Howells]","[Chris Schweizer] Remix"
"Outset Theme","Will Rees","Original Mix"
"Over Paper Skies","[Eco] feat. [Jeza]","Extended Dub Mix"
"Over You","[Philippe El Sisi] feat. [Josie]","[Heatbeat] Remix"
"Overjoyed","Solarsun","[Hydroid] Remix"
"Overkill","RIOT","Original Mix"
"Oxidize","Tom Colontonio","Original Mix"
"Oxygen","[Taylor Torrence] & [Ava Silver]","[Rafaël Frost] Remix"
"Paeonia","M.O.S.","Original Mix"
"Panama","Giuseppe Ottaviani","Original Mix"
"Paradise Found","Adam Taylor","Original Mix"
"Paris","Pierre Rousseau","Original Mix"
"Patience","[Super8 & Tab] feat. [Julie Thompson]","Original Mix"
"Pegasus","Protoculture","Original Mix"
"Perception","PRAANA","Original Mix"
"Perception","[Markus Schulz] feat. [Justine Suissa]","Original Mix"
"Perception","[Markus Schulz] feat. [Justine Suissa]","[Johan Gielen] Remix"
"Permission to Exhale","[Ciaran McAuley] & [Eddie Pinero]","Original Mix"
"Personal Jesus","[Cubicore] & [Shane 54]","[Cubicore] Deep Mix"
"Phantom Love","[MitiS] feat. [Sarah de Warren]","Original Mix"
"Phase One","Chris Schweizer","Original Mix"
"Phase One","Maarten de Jong","Original Mix"
"Phoria","[Mitka] & [Niko Zografos]","[Ferry Tayle] Remix"
"Piece of Art","Kryder","Original Mix"
"Piece of Art","Kryder","[Darren Porter] Remix"
"Piercing Quiet","[Tritonal] feat. [Cristina Soto]","Original Mix"
"Piercing Quiet","[Tritonal] feat. [Cristina Soto]","[Au5] Remix"
"Platitude","Onova","Original Mix"
"Player One","Danilo Ercole","[Gai Barone] Remix"
"Playfulness","[Fisherman] & [Susana]","The Magic"
"Playing with Fire","[Dennis Sheperd] & [EKE]","[Alex Di Stefano] Remix"
"Plazma","Mixail","Original Mix"
"Poppiholla","Chicane","[The Thrillseekers] Remix"
"Power of Acid","Ranji","Original Mix"
"Power of Now","[John O'Callaghan], [Paul Skelton] & [Sue McLaren]","Original Mix"
"Pranava","[Ace Ventura] & [Astrix]","[Ranji] & [Mind Spin] Remix"
"Promises","Andain","[Myon & Shane 54] Summer Of Love Mix"
"Proteus","Thomas Bronzwaer","Original Mix"
"Pull Me Through","[Klur] & [Diana Miro]","Original Mix"
"Pulse","REAPER","Original Mix"
"Quantum","Mino Safy","Original Mix"
"Queensland","Dimension","[Arctic Moon] Remix"
"Questions Must Be Asked","David Forbes","[Modeā] Remix"
"Quicksand","Bissen","Original Mix"
"Radiance","Aimoon","Original Mix"
"Radiant","[Ruben de Ronde] & [Farius] feat. [David Frank]","[Daniel Kandi]'s Bangin' Mix"
"Raindrops","Duran & Aytek","Original Mix"
"Ramelia (Tribute to Amelia)","[RAM] & [Susana]","Original Mix"
"Rapture","Nadia Ali","[Greg Downey] Remix"
"Rapture","iiO","[Armin van Buuren] Remix"
"Ravenna","Line Pursuit","Original Mix"
"Razorfish","[Tranquility Base]","[Above & Beyond] Progressive Mix"
"Reach","[Morgin Madison] & [Motives]","Original Mix"
"Reach Me","First State","[Ciaran Mcauley] Remix"
"Reachin' Out","M-Diva","Original Mix"
"Rebel Anthem","Obie Fernandez","[Black Xs] Remix"
"Rebound","[ARTY] & [Mat Zo]","[Jason Ross] Remix"
"Reckless","[Gareth Emery] feat. [Wayward Daughter]","[STANDERWICK] Remix"
"Redemption","[Protoculture] & [Mino Safy]","Original Mix"
"Redrock","Oleg Farrier","Original Mix"
"Remember Me","Interstate","Original Mix"
"Remember Me","Interstate","[Terry Bones] Remix"
"Remote Kontrol","[Peter Dafnous] and [Apollonia]","Original Mix"
"Renegade","James Dymond","Original Mix"
"Renegade","[David Forbes] & [Allen Watts]","Original Mix"
"Replay","[Giuseppe Ottaviani] & [Natalie Shay]","Original Mix"
"Reputation","Maria Healy","Original Mix"
"Rest of Our Lives","Ben Gold","Original Mix"
"Rest of Our Lives","Ben Gold","[Paul Webster] Remix"
"Resurection","Planet Perfecto Knights","[Maurice West] Remix"
"Resurection","ППК","Original Mix"
"Resurection","ППК","Space Club Mix"
"Reverence","Hemstock & Jennings","Original Mix"
"Rewind","Emma Hewitt","[Mikkas] Remix"
"Rhythm (Of the Night)","Something Good","Original Mix"
"Ride","Cary Brothers","[Blake Jarrell] Remix"
"Ride The Wave","[John O'Callaghan] & [Giuseppe Ottaviani]","Original Mix"
"Rise Up","Paul Denton","FSOE 700 Anthem"
"River","[Andrew Rayel] feat. [AIDYL]","Original Mix"
"Roze (Forgive)","Fred again..","Original Mix"
"Run","[Liam Melly], [Code 2] & [Chelsea Holland]","Original Mix"
"Run from the Night","[Trills], [Harry Diamond] & [ADZ]","Original Mix"
"Run to My Rescue","[Shogun] feat. [Emma Lock]","Original Mix"
"Runaway","[Armin van Buuren] feat. [Candace Sosa]","[Erly Tepshi] Remix"
"Runaway","[Armin van Buuren] feat. [Candace Sosa]","[Fisherman] Remix"
"Runaway","[Paul Clark] & [Elle Mariachi]","Original Mix"
"Runaway","[Second Skin] feat. [Vera Ostrova]","Magic Bells Mix"
"Runner","[Heard Right] & [Jope]","Original Mix"
"Running","[Aly & Fila], [Skypatrol] & [Sue McLaren]","Original Mix"
"Running With the Wind","[Chris Giuliano] feat. [Natalie Major]","Original Mix"
"Rush","Will Atkinson","[John O'Callaghan] Remix"
"Rush","[Venom One] feat. [Sarah Howells]","Original Mix"
"Rush over Me","[Seven Lions] feat. [HALIENE]","[Seven Lions] 1999 Remix"
"Safe & Sound","[Tritonal] & [Last Heroes] with [Lizzy Land]","[Awakend] Remix"
"Safe on Both Sides","Andy Moor","Original Mix"
"Safe on Both Sides","Andy Moor","[Daniel Kandi]'s DJ Bangin' Remix"
"Sail Away","[Sunlounger] feat. [Susie Ledge]","Club Mix"
"Salida Del Sol","[Cyre] & [DJ T.H.]","[Derek Palmer] Remix"
"Saltwater","[Chicane] feat. [Moya Brennan]","Original Mix"
"Saltwater","[Chicane] feat. [Moya Brennan]","[Kevin de Vries] Remix"
"Saltwater","[Chicane] feat. [Moya Brennan]","[ilan Bluestone] Remix"
"Salvation","Talla 2XLC","[TNR] Remix"
"Samadhi","PRAANA","Original Mix"
"Same Sky Same Stars","[Ben Gold] feat. [Plumb]","Original Mix"
"Sanctuary","[Gareth Emery] feat. [Lucy Saunders]","[Dimibo] Remix"
"Sanctuary","[Gareth Emery] feat. [Lucy Saunders]","[Sean Tyas] Remix"
"Sanctuary","[Gareth Emery] feat. [Lucy Saunders]","club mix"
"Sanctuary","[PRAANA] & [Ed Graves]","Original Mix"
"Sanctum","Tim Besamusca","[Thomas Datt] Remix"
"Sand Dunes","A.M.R","[Daniel Kandi] Remix"
"Sandwriting","[Vast Vision] & [RAM]","[Vast Vision] Remix"
"Sanjar","Ironheart","Original Mix"
"Santiago","Dennis Pedersen","Original Mix"
"Santiago","Stoneface & Terminal","2AM Mix"
"Sapera","Factor B","Original Mix"
"Sapphire Skies","[Adam Ellis] & [Lucid Blue]","Original Mix"
"Satellite","OceanLab","[Above & Beyond] Remix"
"Satellite / ID","[OceanLab] & ID","[Above & Beyond] Remix; Acapella"
"Save The Moment","[C-Systems] feat. [Hanna Finsen]","[Matt Bukovski] Dub"
"Saving Light","[Gareth Emery], [STANDERWICK], [HALIENE]","Original Mix"
"Say My Name","ARTY","Original Mix"
"Scota","[A & Z] vs [Flynn & Denton]","Original Mix"
"Scrum","Ronski Speed","Original Mix"
"Searching (For a Kinder Love)","[Ben Gold] feat. [Yasmin Jane]","[Paul Denton] Remix"
"Second Wave","Signum","Original Mix"
"Sedona","PRAANA","Original Mix"
"See The Sun","[Urban Astronauts] feat. [Kate Louise Smith]","[Dan Stone] Rework"
"See the End","[Above & Beyond] & [Seven Lions]","Original Mix"
"Seeking Blue","Fatum","Original Mix"
"Seismic","PRAANA","Original Mix"
"Self Luminous","PRAANA","Original Mix"
"Set Us Free","Modera","Original Mix"
"Settle","[Dezza] & [Lauren L'aimant]","[Le Youth] Remix"
"Seven Cities","Solarstone","[Ehren Stowers] & [Bostock] Remix"
"Seven Weeks","Sean Tyas","Original Mix"
"Severance","Eluna","[Markus Schulz] and [Elevation] Remix"
"Shadows","[Dito] feat. [Dzenita]","Original Mix"
"Shelter","[Dash Berlin] feat. [Roxanne Emery]","Original Mix"
"Shelter","[Dash Berlin] feat. [Roxanne Emery]","[Photographer] Remix"
"Shigure","Aki Harunari","Original Mix"
"Shimoda","Derek Ryan","Original Mix"
"Shine","[Aly & Fila] feat. [Roxanne Emery]","Club Mix"
"Shine","[Rub!k] feat. [Linney]","Original Mix"
"Shine a Light","[Bryan Kearney] & [Bo Bruce]","Original Mix"
"Shivers","[Armin van Buuren] feat. [Susana]","[Dan Thompson] ASOT 700 Bootleg"
"Shivers","[Armin van Buuren] feat. [Susana]","[Tatana] Remix"
"Shivver","Agnelli & Nelson","[John O'Callaghan] Remix"
"Show Me The Way","[Allure] feat. [Jes]","[Dan Thompson] Remix"
"Show Me The Way","[Allure] feat. [Jes]","[tyDi] Remix"
"Silence","[Delerium] feat. [Sarah McLachlan]","[Andrew Rayel] & [Achilles] Remix"
"Silence","[Delerium] feat. [Sarah McLachlan]","[Tiësto]'s in Search of Sunrise Remix"
"Silence In Your Heart","[Dash Berlin] feat. [Chris Madin]","[4 Strings] Remix"
"Silent Waves","Jonas Steur","Original Mix"
"Silent Waves","[David Forbes] & [Susie Ledge]","[Factor B]'s Dark Waters Remix"
"Sincere","Firewall","Original Mix"
"Sincere","Firewall","[Pulser] Remix"
"Sinuous","Warung","Original Mix"
"Sirens Of The Sea","[OceanLab] feat. [Justine Suissa]","[Above & Beyond] Club Mix"
"Sirens Of The Sea","[OceanLab] feat. [Justine Suissa]","[Marsh] Remix"
"Sirius","[Armin van Buuren] & [AVIRA]","Original Mix"
"Sisa","[Kayosa & Tolland] feat. [Matt Noland]","Original Mix"
"Sivan","Michael Tsukerman","Original Mix"
"Skies On Fire","[First State] feat. [Sarah Howells]","Original Mix"
"Sky Falls Down","OceanLab","Original Mix"
"Skyfire","Shogun","Original Mix"
"Skylab","John Askew","[Kyau & Albert] Remix"
"Slave To Doubt","[Matt Bukovski] feat. [Cynthia Hall]","Original Mix"
"Sleep","Boye & Sigvardt","Original Mix"
"Sleepwalkers","Husman","Original Mix"
"Slingshot","James Dymond","Original Mix"
"Smokescreen","John O'Callaghan","Original Mix"
"Snapshot","[Kinetica] & [Dave Wright]","Original Mix"
"So Far Away","Digitalis","Original Mix"
"Someday","[Roman Messer] feat. [Robin Vane]","[Temple One] Remix"
"Somehow","[tyDi] & [Dennis Sheperd] feat. [Marcie]","[Sebastian Brandt] Remix"
"Someone","Ascension","[Flynn & Denton] Remix"
"Someone Like You","[Armin van Buuren] & [Susana]","Original Mix"
"Someone Like You","[Mio] feat. [Mavoks]","[Frase] Remix"
"Someone Like You","[RAM] feat. [Susana]","Original Mix"
"Someone Like You","[RAM] feat. [Susana]","[RAM] & [STANDERWICK] Remix"
"Someone We Used to Love","[anamē] & [Lydmor]","Original Mix"
"Someone You Love","[SMR LVE] & [Linney]","[C-Systems] Remix"
"Somersault","Story of Oz","Original Mix"
"Something I Can Dream About","[Giuseppe Ottaviani] & [April Bender]","Original Mix"
"Something New","[Tritonal] feat. [Jenry R]","[Rafaël Frost] Remix"
"Something Real","[Armin van Buuren] & [AVIAN GRAYS] feat. [Jordan Shaw]","Original Mix"
"Song For Sendai","The Thrillseekers","Original Mix"
"Song I Sing","[Armin van Buuren] feat. [HALIENE]","Original Mix"
"Songs of Our Ancestors","[Datskie] & [HAUMS]","Original Mix"
"Sonic Breeze","Maharishi","Original Mix"
"Sorrento","Dan Stone","Original Mix"
"Soul Survivor","[Ronski Speed] and [Sebastian Sand]","[Ronski Speed] Remix"
"Soul Symbol","Rue De Gar","Original Mix"
"Sound Of The Drums","[Armin van Buuren] feat. [Laura Jansen]","Extended Version"
"Sound of Silence","Haikal Ahmad","Original Mix"
"Space","A.R.D.I.","Original Mix"
"Sparkover","Tom Colontonio","Original Mix"
"Spectrum","[James Dymond] & [Chris Schweizer]","Original Mix"
"Spiral","Robert Nickson","2015 Version"
"Spirit","[Re:locate] feat. [Menno De Jong]","Original Mix"
"Spirit's Pulse","[Andy Moor] vs. [M.I.K.E.]","[Omnia] Remix"
"Square One","[Madwave], [Drivel]","Original Mix"
"Stardust & Madness","[ilan Bluestone] & [Giuseppe De Luca]","Original Mix"
"Stardust","Stoneface & Terminal","Club Mix"
"Stardust","Stoneface & Terminal","Original Mix"
"Stargaze","Future Antics","Original Mix"
"Starlight","[Dennis Sheperd] feat. [Christina Novelli]","Original Mix"
"Starships Over Alice","Arctic Moon","Original Mix"
"Statues","[Bryn Liedl] feat. [Bethany Marie]","[Bryan Kearney] Remix"
"Stay","[Ben Gold] & [Sivan]","[Sneijder] Remix"
"Stay With Me","[Far Out], [Nikhil Prakash] & [Cece Mix]","Original Mix"
"Stay With Me","[John O'Callaghan] feat. [Deirdre McLaughlin]","Original Mix"
"Step Into The Light","[Fabio XB] & [Liuck] feat. [Christina Novelli]","[Anske] Remix"
"Step Into The Light","[Fabio XB] & [Liuck] feat. [Christina Novelli]","[Jase Thirlwall] Remix"
"Still Small Voice","[PRAANA] & [Ram Dass]","Original Mix"
"Still With Me","[Tritonal] feat. [Cristina Soto]","[Elevven] Remix"
"Stop Thinking","[Seven Lions] & [Lights]","Original Mix"
"Story Of Life","[Tenishia] & [Ruben de Ronde]","Dub"
"Story Of My Life","[Illenium] feat. [Sueco] and [Trippie Redd]","[RIOT] Remix"
"Striker","John O'Callaghan","[Liam Wilson] Remix"
"Strong Ones","[Armin van Buuren] feat. [Cimo Fränkel]","[Jase Thirlwall] Remix"
"Stronger Together","Ivan Mateluna","Original Mix"
"Stuck In A Loop","Stoneface & Terminal","Original Mix"
"Sub Runner","Kimito Lopez","Original Mix"
"Submerged","Björn Åkesson","Original Mix"
"Subortus","Fon.Leman","Original Mix"
"Sudden Changes","Phillip Alpha","Original Mix"
"Summer Blush","Mungo","Original Mix"
"Summer Dream","Kuffdam & Plant","[Stoneface and Terminal] Remix"
"Sun & Moon","[Above & Beyond] feat. [Richard Bedford]","[ilan Bluestone] Remix"
"Sun Gone Down","[Protoculture] feat. [Shannon Hurley]","Original Mix"
"Sun Sparks","PRAANA","Original Mix"
"Sun in Your Eyes","Above & Beyond","[Spencer Brown] Club Mix"
"Sunbeam","Murtagh","Original Mix"
"Sunny Days","[Armin van Buuren] feat. [Josh Cumbee]","[PureNRG] Remix"
"Sunset Boulevard","[Alex M.O.R.P.H.] feat. [Ana Criado]","Original Mix"
"Sunspot (2005)","[Airwave] vs. [Rising Star]","Original Mix"
"Sunstorm","[Trance Arts] feat. [Final Aeon]","[Running Man] Remix"
"Superhuman","[Tritonal] & [Codeko]","Original Mix"
"Superhuman / First Time","[Tritonal], [Codeko], [Seven Lions], [Slander], [Dabin] & [Dylan Matthew]","Tritonal Mashup"
"Suraya","Simon Bostock","Original Mix"
"Surreal","[Markus Schulz] feat. [Ana Criado]","[Omnia] Remix"
"Suzu","[Tritonal] & [Nick Sibicky]","[Ben Gold] Remix"
"Sweet Illusion","[Morgan Page] & [Maggie Szabo]","Original Mix"
"Swept Away","[Matt Bukovski] feat. [Tiff Lacey]","Uplifting Mix"
"Symbols","[Fictivision] vs [C-Quence]","Original Mix"
"Synaesthesia","The Thrillseekers","[Alex M.O.R.P.H.] Remix"
"Synaesthesia","The Thrillseekers","[Umek] Remix"
"Synchronized","Federation","[Protoculture] Remix"
"Synthetic Blues","Kasablanca","[Matt Fax] Remix"
"Tabla Mizma","[Thomas Datt] vs. [Robert Nickson]","Original Mix"
"Take A Moment","[Armin van Buuren] feat. [Winter Kills]","[Shogun] Vocal Remix"
"Take Me Home","[C-Systems] & [Aina]","Original Mix"
"Take My Breath","[Alex M.O.R.P.H.] & [Marjan]","Original Mix"
"Take This","[Bryan Kearney] & [Out of the Dust] feat. [Plumb]","Original Mix"
"Talk","[Max Graham] vs. [Coldplay]","Original Mix"
"Talk To Me","[John O'Callaghan] & [Timmy & Tommy]","[Solar Movement] Remix"
"Te Amo","Bryan Kearney","[Cold Blue] Remix"
"Telescope","Will Atkinson","Original Mix"
"Tell Me / Horizon / Tell Me","[RL Grime], [What So Not], [Slippy], [Blosso] & [GLNNA]","[Rudebrat] Refix"
"Temple Voices","Steve Dekay","Original Mix"
"Temple of Artemis","Neptune Project","[Rated R] Remix"
"Temptation","Eli & Fur","Original Mix"
"Tempus","Luminn","Original Mix"
"Terra Australis","Talla 2XLC","[Talla 2XLC] vs. [JvD] 2015 Mix"
"That's Life","Scorz","Original Mix"
"The Air I Breathe","[Richard Durand], [Christina Novelli]","Original Mix"
"The Box","GXD","Original Mix"
"The Day after Tomorrow","Musikman","Original Mix"
"The Distance","Rio Addicts","Original Mix"
"The End","Astral","Original Mix"
"The End","[Sam Jones] & [Rhys Thomas]","Original Mix"
"The First Rebith","[Jonas Steur] and [Stephenson]","[DJ Danjo & Rob Styles] Primer Remix"
"The Fractual Universe","Mat Zo","Original Mix"
"The Fusion","[Omnia] & [Ira]","[Blastoyz] Remix"
"The Game","[Sied van Riel] feat. [Fenja]","Original Mix"
"The Incursion","Kelly Andrew","Epic Orchestral Trance Mix"
"The Island","[MaRLo] feat. [Jano]","Original Mix"
"The Last Stylebender","[Adam Ellis] & [Sid J]","Original Mix"
"The Launch","[Cosmic Gate] & [Andrew Bayer]","Original Mix"
"The Legacy","Push","Original Mix"
"The Lights","[Capa] & [Diana Miro]","Original Mix"
"The Longest Journey","Algarve","[Alex M.O.R.P.H.] Remix"
"The Longest Road","[Morgan Page] feat. [Lissie]","[Vivid] Remix"
"The Morning After","[Miss Monique] & [Paul Thomas]","Original Mix"
"The Oath","[John O'Callaghan] & [Factor B]","Club Mix"
"The One","[David Elston] & [Jodie Poye]","Original Mix"
"The Oslo Syndrome","Lemon & Einar K","Original Mix"
"The Oslo Syndrome","Lemon & Einar K","[Jorn van Deynhoven] Remix"
"The Other Shore","[Aly & Fila] feat. [Aruna]","[Aruna] vs. [Steve Kaetzel] Remix"
"The Other Side","[DT8 Project], [Tephra]","Original Mix"
"The Pillars Of Creation","Mark Sherry","Original Mix"
"The Prince","Madeon","Original Mix"
"The Same","Kyau & Albert","Original Mix"
"The Sound of Goodbye","Perpetuous Dreamer","Armin's Tribal Feel"
"The Sound of Goodbye","Perpetuous Dreamer","Original Mix"
"The Sun","[Neelix], [Ghost Rider] & [Caroline Harrison]","Original Mix"
"The Thunder","[Ørjan Nilsen] feat. [Kate Louise Smith]","Original Mix"
"The Truth","Seven Lions","Original Mix"
"The Truth We Can't Escape","Dawn","Original Mix"
"There And Back","Robbie Van Doe","Original Mix"
"There Is Purpose","[Ronski Speed] & [Bixx]","Original Mix"
"This Is Not the End","Gareth Emery","[Allen Watts] Remix"
"This Moment","[Nic Chagall] feat. [Jonathan Mendelsohn]","Progressive Mix"
"This Will Be Your Happiness","[Cosmic Gate] feat. [Jennifer Cooke]","[Steve Brian] Remix"
"Tidal Wave","[Far Out] feat. [Nevve]","Original Mix"
"Tidal Wave","[Markus Schulz] & [HALIENE]","[Will Atkinson] Remix"
"Till The Sky Falls Down","Dash Berlin","Dub Mix"
"Till The Sky Falls Down","Dash Berlin","Original Mix"
"Till The Sky Falls Down","Dash Berlin","Vocal Mix"
"Till the Sunrise","Giuseppe Ottaviani","Original Mix"
"Time & Space","Ehren Stowers","Original Mix"
"Time","[Neptune Project] vs. [The Noble Six]","Original Mix"
"Time Goes By","Carrie Skipper","[Super8] Deep Mix"
"Time Is The Healer","Riva","[Monada] Bootleg Dub Mix"
"Time Marches On","L.GU.","Original Mix"
"Time Stood Still","[Simon Patterson] feat. [Matt Adey]","Original Mix"
"Time To Say Goodbye","[Driftmoon] & [Thomas Coastline] & [Susana]","[Talla 2XLC] Remix"
"Timelapse","Amir Hussain","Original Mix"
"Timeless","Ron van den Beuken","Original Mix"
"Timeless","Will Holland","[Deepwide] Remix"
"Timeless","[Solis] & [Sean Truby] feat. [Anthya]","[Dustin Husain] Remix"
"Timezone","[Purple Haze] feat. [Colin Janz]","Original Mix"
"Timide","Ruben de Ronde","[Craving] Remix"
"To Get to You","[Steve Brian], [Nathan Rux] & [Rachael Nemiroff]","[Cubicore] Remix"
"To Heal","Underworld","[John Askew] Remix"
"To The Lost","Amir Hussain","Original Mix"
"To The Stars","Giuseppe Ottaviani","Original Mix"
"Today","[Ben Gold] feat. [Senadee]","Original Mix"
"Together (In A State Of Trance)","Armin van Buuren","Bogdan Vix & Airborn Bootleg"
"Together We Are Strong","Afternova","[Manuel Rocca] Remix"
"Tokyo","Paul Oakenfold","[Beatman & Ludmilla] Remix"
"Tokyo","[3LAU] feat. [XIRA]","Original Mix"
"Tokyo","[3LAU] feat. [XIRA]","[Seven Lions] Remix"
"Tomorroworld","[ReOrder] & [Ferry Tayle]","Original Mix"
"Too Far Gone","Garry Heaney","Original Mix"
"Too Far Gone","[Lost Kings] feat. [Anna Clendening]","[Nurko] Remix"
"Touch Me","Rising Star","[Sebastian Brandt] Remix"
"Touch The Sun","[Alex Bartlett] feat. [Anthya]","[Duende] Dub"
"Trans Karoo","Lostly","[Allen Watts] Remix"
"Transcend","Ummet Ozcan","Original Mix"
"Tranzy State of Mind","Push","Original Mix"
"Tree of Life","Tommy Baynen","Original Mix"
"Tremble","Global Illumination","Original Mix"
"Tremble","Global Illumination","[Danilo Ercole] Remix"
"Tremor","Paul Denton","Original Mix"
"True To Me","Solis","[Suncatcher] Remix"
"Try","[MitiS] feat. [Røry]","Original Mix"
"Turbulence","[Taylor Torrence] & [EKE]","Original Mix"
"Turtle Paradise","Menno De Jong","Original Mix"
"Twisted Reality","Empyreal Sun","Original Mix"
"Two Souls","Jes","[Fisherman & Hawkins] Remix"
"U And Us","[Ultimate] & [Moonsouls]","Original Mix"
"U Got Me","[Sun Decade] feat. [Emma Lock]","[Activa] Remix"
"U Ready?","Sam Jones","Original Mix"
"Ultima","[Kyo] & [Gil]","Original Mix"
"Ultima / Casket","[Pixel Terror] & [MARAUDA]","Original Mix"
"Uncharted","Purelight","Original Mix"
"Undone","[Dreweybear] & [Hildur Ottilia]","[Kozua] Remix"
"Unforgivable","[Armin van Buuren] feat. [Jaren]","[First State] Smooth Remix"
"Universal Universe","Ilya Soloviev","Original Mix"
"Universe","[Aley & Oshay] feat. [Natune]","[Sunset] & [Ahmed Helmy] Remix"
"Us Against The World","[Stowers & Cooper] & [That Girl]","Original Mix"
"Vagabond","The Scarab","Original Mix"
"Vapourize","[Aly & Fila] vs. [John O'Callaghan]","Original Mix"
"Vertigo","[Allen Watts] & [Kinetica]","Original Mix"
"Vertue","[Paul Denton] vs. [Dave Nadz] & [Leblanc]","Original Mix"
"Via Infinita","Estiva","[Marsh] Remix"
"Vida","Sebastian Weikum","Original Mix"
"Violetta","Ørjan Nilsen","Original Mix"
"Vision","[Mike Koglin] vs. [7 Skies]","Original Mix"
"Vivagio","Epos","[Danjo and Rob Styles] Remix"
"Vivid","[Re:locate] vs. [Robert Nickson]","Original Mix"
"Void","South of the Stars","Original Mix"
"Volven","Nikolauss","Original Mix"
"Vortex","[Richard Durand] & [Marco V]","Original Mix"
"Vulnerable","Sonic Element","Original Mix"
"Wait For The World","[Fatum] & [Jaren]","Original Mix"
"Waiting on the Other Side","[Jorn van Deynhoven] & [Christina Novelli]","Club Mix"
"Wake Up","[Mazare] & [Bloodhounds]","Original Mix"
"Waking up the Stars","[Alex M.O.R.P.H.] & [Protoculture]","Original Mix"
"Walk The Edge","Alex M.O.R.P.H.","[Alex M.O.R.P.H.] B2B [Woody van Eyden] Remix"
"Walter White","Above & Beyond","Original Mix"
"Warrior","Warrior","[Marsh] Remix"
"Wasteland","Trivecta","Original Mix"
"Wasteland","Trivecta","[Wooli] Remix"
"Waterboiler","Tritonal","Original Mix"
"Waterfall","[PRAANA] & [Liel Kolet]","Original Mix"
"Wave Force","Perry O'Neil","Original Mix"
"Way Down In Mexico","Sean Tyas","Original Mix"
"Way Of Life","[Ehren Stowers] & [The Viceroy]","[Deepwide] Remix"
"Way To Paradise","Andy Elliass","[O.B.M Notion] Remix"
"We Accepted","Deep Care","Original Mix"
"We Belong","[Ferry Corsten] feat. [Maria Nayler]","[Tritonal] Air Up There Remix"
"We Control the Sunlight","[Aly & Fila] feat. [Jwaydan]","Original Mix"
"We Fall Down","[KEPIK] feat. [Shaley Scott]","Original Mix"
"We Got the Fire","Cosmic Gate","Original Mix"
"We'll See","Simon Patterson","Original Mix"
"Welcome To Earth","[Craig Connelly] & [Dan Thompson]","Original Mix"
"What's Left Of Me","Nicolas Menicou","Original Mix"
"Whatever","[Lost Witness] vs. [Sassot]","[Aly & Fila] Remix"
"When Darkness Falls","Inoblivion","Original Mix"
"When I Rock","Renegade System","Original Mix"
"When You Smile","Furkan Senol","Original Mix"
"Where Did All the Years Go?","Kyau & Albert","Original Mix"
"Where I Begin","[Dennis Sheperd] & [Katty Heath]","Original Mix"
"Whispers","[Ana Criado] & [Beat Service]","Original Mix"
"White Lies","[Paul van Dyk] feat. [Jessica Sutta]","Berlin Vocal Mix"
"Whiteout","[Wach] & [Leven Mervox]","Original Mix"
"Who Are You?","Lolo","Original Mix"
"Who Will Find Me?","[DJ Shah] feat. [Adrina Thorpe]","Original Mix"
"Who Will Find Me?","[DJ Shah] feat. [Adrina Thorpe]","Original Summer Sunrise Mix"
"Who's Afraid Of 138?!","Armin van Buuren","Original Mix"
"Will Be","DJ Butterfly","[Dave202] & [Virtual Vault] Remix"
"Wings","[Tom Swoon] feat. [Taylr Renee]","[Myon & Shane 54] Summer Of Love Mix"
"Winter Stayed","Triple A","[Alex M.O.R.P.H.] Remix"
"Winter Stayed","Triple A","[Armin van Buuren]'s On The Beach Mix"
"Wish You Were Here","[Eminence] & [Dolly Rae]","Original Mix"
"With You","Klur","Original Mix"
"Without You","Dogzilla","[Will Atkinson] Remix"
"Won't Let You Go","[Armin van Buuren] feat. [Aruna]","Original Mix"
"Wonderfooled","[SHato] & [Paul Rockseek]","Original Mix"
"Wonderland","Ultimate","Original Mix"
"World Falls Apart","[Dash Berlin] feat. [Jonathan Mendelsohn]","[Jorn van Deynhoven] Remix"
"Worlds Apart","[Seven Lions] feat. [Kerli]","[Seven Lions] 1999 Remix"
"Worth My Time","[KEPIK] & [Exede]","Original Mix"
"X-Ray One","Greg Downey","Original Mix"
"Yaya","Steve Brian","[Ronski Speed] Remix"
"Year After","[Chephren Blake] feat. [Meighan Nealon]","Original Mix"
"Yet Another Day","[Armin van Buuren] feat. [Ray Wilson]","[The Noble Six] Remix"
"You & I","[Ciaran McAuley], [Roger Shah] & [Hannah Brine]","Original Mix"
"You","Asteroid","Original Mix"
"You Are Enough","[RAM], [Susana] & [Tales of Life]","[Horisone] Remix"
"You Are Here","Ija","Original Mix"
"You Can't Save Me","[Lasse Macbeth] & [Josie Sandfeld]","Original Mix"
"You Take My Hand","[Tinlicker] feat. [Jamie Irrepressible]","[Reinier Zonneveld] Remix"
"You Walk Away","[tyDi] feat. [Audrey Gallagher]","Original Mix"
"You and I","Firewalk","Original Mix"
"You're All Coming with Me!","Dan Thompson","Original Mix"
"You're Never Alone","[Ciaran McAuley] & [Susie Ledge]","Uplifting Mix"
"You're Not Alone","[Punctual] & [Ry X]","[James Carter] Remix"
"Your Destiny","Ultimate","Original Mix"
"Your Heart","SHato","Original Mix"
"Your Journey","Trance Wax","Original Mix"
"Youtopia","[Armin van Buuren] feat. [Adam Young]","Original Mix"
"Youtopia","[Armin van Buuren] feat. [Adam Young]","[Blake Jarrell] Remix"
"Zenith","Greg Downey","Original Mix"
"Zero Gravity","[Photographer] & [Abstract Vision]","Original Mix"
"Zocalo","[Armin van Buuren] feat. [Gabriel and Dresden]","Original Mix"
"Zonderland","Acues and Elitist","[8 Wonders] Mirage at Dusk Remix"
